gene	baseMean	log2FoldChange	lfcSE	stat	pvalue	padj
ENSG00000160191	76937.215551331	3.0724004027433476	0.15493594310413264	19.830133287266875	1.6360567611021802e-87	3.746569982923993e-85
ENSG00000154734	22865.345157232747	3.442380449284378	0.17910395236064783	19.220013874136747	2.5170272420070465e-82	2.881996192098068e-80
ENSG00000154723	7344.00484303375	2.582712489277701	0.16364394786770312	15.78251150091831	4.105229396691009e-56	3.1336584394741364e-54
ENSG00000180509	30232.007358539187	2.9442235342789433	0.19976446237219897	14.738474998587577	3.64932560972813e-49	2.0892389115693546e-47
ENSG00000183145	9995.081648640027	2.8915763765588753	0.24862952421073822	11.630060370899383	2.8989247998716284e-31	1.3277075583412058e-29
ENSG00000276289	11796.068500438058	2.8603167083666907	0.46501514043260983	6.1510184500782055	7.69869616089126e-10	2.9383357014068304e-8
ENSG00000277277	724.5097326891419	0.9287177686956197	0.2639870711600171	3.5180426246430563	4.347425259491271e-4	0.014222291206050015
